1/3/21 12.00 AM;6.35;3.28;0.07;3.85;13;0;0;0;0;0;0;0;0;0;0
1/3/21 6.00 AM;13.68;4.97;0.52;6.24;27;0;13;0;0;0;0;0;0;0;0
1/3/21 8.00 AM;11.97;19.66;3.33;25.23;24;30;0;8;8;0;0;0;0;0;0
1/3/21 10.00 AM;17.83;18.45;4.11;25.21;36;30;13;0;0;0;0;0;0;24;43
1/3/21 12.00 PM;16.61;10.24;2.09;13.90;33;30;0;0;0;0;0;0;0;24;0
1/3/21 2.00 PM;47.62;12.75;3.45;18.50;95;30;13;0;0;0;0;0;0;0;43
1/3/21 4.00 PM;23.69;13.61;4.07;20.31;47;0;13;0;0;0;0;0;0;24;0
1/3/21 6.00 PM;16.36;18.52;2.89;23.41;33;30;0;0;0;0;0;0;0;0;0
1/3/21 8.00 PM;19.05;27.54;1.94;30.98;38;0;13;8;8;18;18;0;0;0;43
1/3/21 10.00 PM;20.76;19.62;0.72;21.18;42;30;0;0;0;18;0;0;0;0;0
2/3/21 12.00 AM;24.42;6.57;0.05;7.11;49;0;13;0;0;18;18;0;0;24;43
2/3/21 4.00 AM;25.15;3.33;0.07;3.89;50;30;0;0;0;18;0;0;0;0;43
2/3/21 6.00 AM;17.09;10.86;0.77;12.52;34;30;0;0;0;0;18;0;0;0;43
2/3/21 8.00 AM;14.41;53.00;31.58;101.88;51;0;13;0;0;0;18;0;0;0;43
2/3/21 10.00 AM;21.49;37.81;18.09;66.01;43;0;13;0;0;0;18;0;0;0;43
2/3/21 12.00 PM;27.59;16.80;5.14;25.15;55;0;0;0;0;18;18;0;0;24;0
2/3/21 2.00 PM;30.04;10.78;2.91;15.71;60;0;0;0;0;18;18;0;0;0;0
2/3/21 4.00 PM;55.19;12.65;2.95;17.64;110;0;13;0;0;18;18;0;0;24;0
2/3/21 6.00 PM;33.94;34.66;8.90;48.76;68;0;0;0;0;18;18;0;0;0;43
2/3/21 8.00 PM;25.64;66.21;15.84;90.95;51;0;0;0;0;18;18;0;0;0;0
2/3/21 10.00 PM;30.04;40.18;5.42;48.95;60;0;0;0;0;18;0;0;0;24;43
3/3/21 12.00 AM;39.56;12.41;0.24;13.23;79;0;0;0;0;18;0;0;0;0;0
3/3/21 2.00 AM;42.49;5.68;0.10;6.30;85;0;0;0;0;18;18;0;0;24;0
3/3/21 4.00 AM;38.10;5.37;0.53;6.65;76;0;0;0;0;0;18;0;0;0;0
3/3/21 6.00 AM;31.99;7.43;0.40;8.50;64;0;0;0;0;18;18;0;0;24;0
3/3/21 8.00 AM;27.35;28.31;5.24;36.81;55;0;0;0;0;18;18;0;0;0;0
3/3/21 10.00 AM;30.28;26.21;5.58;35.23;61;0;0;0;0;18;18;0;0;0;43
3/3/21 12.00 PM;26.62;13.49;3.67;19.58;53;0;0;0;0;0;18;0;0;0;0
3/3/21 2.00 PM;51.53;12.01;2.63;16.51;103;30;13;0;0;18;18;14;12;24;0
3/3/21 4.00 PM;25.64;13.66;2.01;17.21;51;0;0;0;0;18;18;0;0;0;43
3/3/21 6.00 PM;15.14;30.20;6.19;40.15;30;0;0;0;0;18;0;0;0;0;0
3/3/21 8.00 PM;19.78;63.42;8.33;76.64;40;0;0;0;0;18;18;0;0;0;0
3/3/21 10.00 PM;21.49;32.53;2.69;37.11;43;0;0;0;0;0;18;14;0;24;0
4/3/21 12.00 AM;32.97;14.08;0.79;15.75;66;30;0;0;0;18;18;14;0;0;0
4/3/21 2.00 AM;26.37;5.64;0.03;6.14;53;0;0;0;0;18;18;14;0;0;43
4/3/21 4.00 AM;27.11;4.63;0.13;5.30;54;0;0;0;0;0;0;0;12;0;0
4/3/21 6.00 AM;29.06;10.19;0.80;11.88;58;0;0;0;0;0;0;14;12;24;0
4/3/21 8.00 AM;18.07;32.32;13.01;52.73;36;0;0;0;0;0;0;0;12;0;43
4/3/21 10.00 AM;31.01;32.11;11.77;50.62;62;0;0;0;0;0;0;14;0;0;0
4/3/21 12.00 PM;39.56;30.81;6.59;41.38;79;30;13;0;0;0;0;0;12;0;43
4/3/21 2.00 PM;33.46;17.74;2.70;22.34;67;30;0;8;8;0;0;14;12;24;0
4/3/21 4.00 PM;27.59;15.77;2.63;20.27;55;0;0;0;0;0;0;0;0;0;0
4/3/21 6.00 PM;18.80;28.76;4.11;35.52;38;0;0;0;0;0;0;0;0;0;43
4/3/21 8.00 PM;12.70;17.66;0.90;19.50;25;0;0;0;0;0;0;0;0;24;0
4/3/21 10.00 PM;21.98;12.08;0.52;13.34;44;0;13;0;0;0;0;0;0;0;43
5/3/21 12.00 AM;22.95;8.87;1.21;11.19;46;0;0;0;0;0;0;0;0;24;0
5/3/21 2.00 AM;17.34;7.81;0.98;9.77;35;0;0;0;0;0;0;0;0;0;43
5/3/21 6.00 AM;33.46;6.04;0.12;6.69;67;30;0;0;0;0;0;0;0;0;43
5/3/21 8.00 AM;24.42;27.22;6.35;37.42;49;0;0;0;0;0;0;0;0;0;43
5/3/21 10.00 AM;16.61;23.75;4.03;30.40;33;0;0;0;0;0;0;0;0;0;43
5/3/21 12.00 PM;27.59;14.70;2.20;18.54;55;0;0;0;0;0;0;0;0;0;43
5/3/21 2.00 PM;52.01;18.20;3.17;23.52;104;30;13;0;0;0;0;0;0;0;43
5/3/21 4.00 PM;25.89;16.54;2.76;21.23;52;30;0;0;0;0;0;0;0;0;43
5/3/21 6.00 PM;20.51;34.93;5.55;43.89;41;30;13;0;0;0;0;0;0;24;0
5/3/21 8.00 PM;11.72;32.38;1.75;35.53;23;30;0;0;0;0;0;14;12;0;0
5/3/21 10.00 PM;27.84;22.45;1.17;24.70;56;30;13;0;0;0;0;14;12;24;0
6/3/21 12.00 AM;26.62;10.31;1.27;12.72;53;0;0;0;0;0;0;14;12;0;0
6/3/21 2.00 AM;23.20;7.71;0.20;8.48;46;0;0;0;0;0;0;0;12;24;43
6/3/21 4.00 AM;24.18;4.74;0.04;5.26;48;30;0;8;8;0;0;0;12;0;43
6/3/21 6.00 AM;25.64;7.12;0.37;8.16;51;30;0;8;8;0;0;14;0;0;43
6/3/21 8.00 AM;25.40;21.23;2.82;26.01;51;30;0;8;8;0;0;14;0;0;43
6/3/21 10.00 AM;32.23;15.09;1.47;17.81;64;0;0;0;0;0;0;0;0;24;43
6/3/21 12.00 PM;48.35;12.75;3.42;18.45;97;0;0;0;0;0;0;0;0;0;43
6/3/21 2.00 PM;35.16;10.54;3.15;15.84;70;30;0;0;0;0;0;0;0;24;43
6/3/21 4.00 PM;56.90;6.83;1.15;9.06;114;30;0;0;0;0;0;14;0;0;43
6/3/21 6.00 PM;78.88;20.39;4.70;28.07;158;30;0;0;0;0;0;0;12;24;43
6/3/21 8.00 PM;39.32;43.10;13.08;63.62;79;0;0;0;0;0;0;14;0;0;43
6/3/21 10.00 PM;19.54;20.23;2.46;24.46;39;0;0;0;0;0;0;0;0;24;43
7/3/21 12.00 AM;9.77;7.43;0.26;8.30;20;0;0;0;0;0;0;0;0;0;0
7/3/21 2.00 AM;4.88;5.52;0.19;6.28;10;0;0;0;0;0;0;0;0;24;0
7/3/21 4.00 AM;2.44;2.96;0.09;3.56;5;0;0;0;0;0;0;0;0;0;0
7/3/21 6.00 AM;1.22;5.57;0.12;6.21;3;0;0;0;0;0;0;0;0;24;0
7/3/21 8.00 AM;0.98;8.18;0.81;9.89;5;0;0;0;0;0;0;0;0;0;0
7/3/21 10.00 AM;16.36;8.11;1.07;10.22;33;0;0;0;0;0;0;0;0;0;43
7/3/21 12.00 PM;10.50;10.14;2.94;15.11;21;0;0;0;0;0;0;0;0;24;43
7/3/21 2.00 PM;15.63;11.92;2.90;16.83;31;0;0;0;0;0;0;0;0;24;43
7/3/21 4.00 PM;49.33;5.56;1.06;7.65;99;30;0;0;0;0;0;0;0;0;43
7/3/21 6.00 PM;62.52;13.93;2.92;18.87;125;30;0;0;0;0;0;0;0;24;43
7/3/21 8.00 PM;31.26;26.19;2.89;31.08;63;0;0;8;8;0;0;0;0;0;0
7/3/21 10.00 PM;15.63;26.86;1.26;29.25;31;0;0;0;0;0;0;0;0;24;0
8/3/21 12.00 AM;11.97;13.71;0.17;14.44;24;0;0;0;0;0;0;0;0;0;0
8/3/21 2.00 AM;23.69;5.87;0.05;6.41;47;0;0;0;0;0;0;0;0;24;43
8/3/21 4.00 AM;23.69;6.28;1.11;8.45;47;0;0;0;0;0;0;0;0;0;0
8/3/21 6.00 AM;19.05;13.99;3.25;19.44;38;0;0;0;0;0;0;0;0;0;43
8/3/21 8.00 AM;23.69;41.92;32.78;92.64;47;0;0;0;0;0;0;0;0;0;0
8/3/21 10.00 AM;20.76;28.25;10.19;44.34;42;0;0;0;0;0;0;0;0;0;43
8/3/21 12.00 PM;28.08;26.92;9.37;41.75;56;0;0;0;0;0;0;0;0;0;0
8/3/21 2.00 PM;31.99;18.85;6.48;29.25;64;0;0;0;0;0;0;0;0;0;0
8/3/21 4.00 PM;29.55;19.89;4.77;27.67;59;0;0;0;0;0;0;0;0;0;43
8/3/21 6.00 PM;24.66;24.54;4.10;31.29;49;0;0;0;0;0;0;14;0;0;0
8/3/21 8.00 PM;27.59;35.43;8.56;49.01;55;0;0;0;0;0;0;14;12;0;43
8/3/21 10.00 PM;46.15;18.26;0.09;18.86;92;30;0;0;0;0;0;14;12;0;0
9/3/21 12.00 AM;39.07;9.35;0.03;9.86;78;0;0;0;0;0;0;0;0;0;0
9/3/21 2.00 AM;38.34;7.23;0.77;8.87;77;0;0;0;0;0;0;0;0;0;43
9/3/21 4.00 AM;36.39;4.87;0.58;6.23;73;0;0;0;0;0;0;0;0;0;0
9/3/21 6.00 AM;33.70;8.69;0.49;9.92;67;0;0;0;0;0;0;0;0;0;43
9/3/21 10.00 AM;14.41;14.59;2.95;19.58;29;0;0;8;8;0;0;0;0;0;0
9/3/21 12.00 PM;11.72;8.71;1.57;11.58;23;0;0;0;0;0;0;0;0;0;0
9/3/21 2.00 PM;6.35;7.03;1.06;9.11;13;0;0;0;0;0;0;0;0;0;0
9/3/21 4.00 PM;4.64;5.87;0.60;7.26;9;0;0;0;0;0;0;0;0;0;43
9/3/21 6.00 PM;5.37;18.10;0.74;19.69;11;0;0;0;0;0;0;0;0;0;0
9/3/21 8.00 PM;17.83;18.36;1.96;21.83;36;0;0;0;0;0;0;0;0;0;43
9/3/21 10.00 PM;29.55;16.72;1.08;18.84;59;0;0;0;0;0;0;0;0;0;43
10/3/21 12.00 AM;20.27;7.78;0.87;9.58;41;0;0;0;0;0;0;0;0;0;43
10/3/21 2.00 AM;14.16;5.76;0.29;6.66;28;0;0;0;0;0;0;0;0;0;0
10/3/21 6.00 AM;7.81;3.98;0.09;4.59;16;0;0;0;0;0;0;0;0;0;0
10/3/21 8.00 AM;9.52;12.03;0.90;13.87;19;0;0;0;0;0;0;0;0;0;0
10/3/21 10.00 AM;21.25;13.12;2.06;16.75;42;0;0;0;0;0;0;0;0;0;0
10/3/21 12.00 PM;46.64;7.18;1.06;9.27;93;30;0;8;8;0;0;0;0;0;0
10/3/21 2.00 PM;23.20;13.54;5.68;22.71;46;0;0;8;8;0;0;0;0;0;0
10/3/21 4.00 PM;11.48;12.51;3.96;19.05;23;0;0;0;0;0;0;0;0;0;0
10/3/21 6.00 PM;13.68;16.52;2.28;20.48;27;0;0;0;0;0;0;0;0;0;0
10/3/21 8.00 PM;9.52;17.15;0.78;18.81;19;0;0;0;0;0;0;0;0;0;0
10/3/21 10.00 PM;18.07;9.06;0.04;9.59;36;0;0;0;0;0;0;0;0;0;0
11/3/21 12.00 AM;15.38;1.78;0.21;2.57;31;0;0;0;0;0;0;0;0;0;0
11/3/21 2.00 AM;14.41;1.72;0.11;2.35;29;0;0;0;0;0;0;0;0;0;0
11/3/21 4.00 AM;12.21;2.57;0.16;3.29;24;0;0;0;0;0;0;0;0;0;0
11/3/21 6.00 AM;8.79;9.02;0.86;10.80;18;0;0;0;0;0;0;0;0;0;0
11/3/21 8.00 AM;14.65;20.74;2.56;25.13;29;0;0;0;0;0;0;0;0;0;0
11/3/21 10.00 AM;13.92;13.07;3.84;19.42;28;0;0;0;0;0;0;0;0;0;0
11/3/21 12.00 PM;10.50;8.86;2.78;13.57;21;0;0;0;0;0;0;0;0;0;0
11/3/21 2.00 PM;11.23;10.76;3.82;17.08;22;0;0;0;0;0;0;0;0;0;0
11/3/21 4.00 PM;43.71;12.12;2.59;16.56;87;30;0;0;0;0;0;0;0;0;0
11/3/21 6.00 PM;38.58;25.89;5.49;34.77;77;30;0;0;0;0;0;0;0;0;0
11/3/21 8.00 PM;19.78;40.61;5.28;49.16;40;0;0;0;0;0;0;0;0;0;0
11/3/21 10.00 PM;22.22;29.47;1.56;32.32;44;0;0;0;0;0;0;0;0;0;0
12/3/21 12.00 AM;33.70;7.80;0.20;8.57;67;0;0;0;0;0;0;0;0;0;0
12/3/21 6.00 AM;55.43;7.57;0.18;8.31;111;30;0;0;0;0;0;0;0;0;0
12/3/21 8.00 AM;27.59;19.13;2.26;23.06;55;0;0;0;0;0;0;0;0;0;0
12/3/21 10.00 AM;13.68;15.76;3.09;20.95;27;0;0;0;0;0;0;0;0;0;0
12/3/21 12.00 PM;44.44;11.08;1.71;14.17;89;30;0;0;0;0;0;0;0;0;0
12/3/21 2.00 PM;22.22;20.68;7.77;33.07;44;0;0;0;0;0;0;0;0;0;0
12/3/21 4.00 PM;10.99;23.04;4.00;29.63;22;0;0;0;0;0;0;0;0;0;0
12/3/21 6.00 PM;12.94;12.67;1.02;14.70;26;0;0;0;0;0;0;0;0;0;0
12/3/21 8.00 PM;14.65;13.98;0.91;15.83;29;0;0;0;0;0;0;0;0;0;0
12/3/21 10.00 PM;20.76;11.56;0.56;12.89;42;0;0;0;0;0;0;0;0;0;0
13/3/21 12.00 AM;26.62;9.55;1.67;12.57;53;0;0;0;0;0;0;0;0;0;0
13/3/21 2.00 AM;21.73;5.84;1.19;8.13;43;0;0;0;0;0;0;0;0;0;0
13/3/21 4.00 AM;56.90;3.45;0.01;3.93;114;30;0;0;0;0;0;0;0;0;0
13/3/21 6.00 AM;28.33;12.86;1.43;15.51;57;30;0;0;0;0;0;0;0;0;0
13/3/21 8.00 AM;14.16;37.43;11.78;55.95;28;30;0;0;0;0;0;0;0;0;0
13/3/21 10.00 AM;7.08;19.28;4.34;26.40;14;0;0;0;0;0;0;0;0;0;0
13/3/21 12.00 PM;3.42;15.26;4.19;22.14;11;0;0;0;0;0;0;0;0;0;0
13/3/21 2.00 PM;39.80;12.57;3.01;17.64;80;0;0;0;0;0;0;0;0;0;0
13/3/21 4.00 PM;19.78;7.10;1.26;9.50;40;0;0;0;0;0;0;0;0;0;0
13/3/21 6.00 PM;12.70;15.44;1.99;18.96;25;0;0;0;0;0;0;0;0;0;0
13/3/21 8.00 PM;19.29;13.06;0.90;14.90;39;0;0;0;0;0;0;0;0;0;0
13/3/21 10.00 PM;21.25;6.79;0.32;7.75;42;0;0;0;0;0;0;0;0;0;0
14/3/21 12.00 AM;22.22;2.13;0.07;2.71;44;0;0;0;0;0;0;0;0;0;0
14/3/21 2.00 AM;21.25;0.25;0.04;0.77;42;0;0;0;0;0;0;0;0;0;0
14/3/21 4.00 AM;22.71;1.33;0.08;1.92;45;0;0;0;0;0;0;0;0;0;0
14/3/21 6.00 AM;14.90;3.27;0.13;3.94;30;0;0;0;0;0;0;0;0;0;0
14/3/21 8.00 AM;46.40;13.66;5.08;21.91;93;0;0;0;0;0;0;0;0;0;0
14/3/21 10.00 AM;23.20;3.78;0.57;5.12;46;0;0;0;0;0;0;0;0;0;0
14/3/21 12.00 PM;11.48;3.49;0.49;4.71;23;0;0;0;0;0;0;0;0;0;0
14/3/21 2.00 PM;5.62;2.28;0.30;3.21;11;0;0;0;0;0;0;0;0;0;0
14/3/21 4.00 PM;6.84;0.20;0.05;0.74;14;0;0;0;0;0;0;0;0;0;0
14/3/21 6.00 PM;46.15;4.12;0.33;5.10;92;0;0;0;0;0;0;0;0;0;0
14/3/21 8.00 PM;22.95;3.77;0.18;4.50;46;0;0;0;0;0;0;0;0;0;0
14/3/21 10.00 PM;11.48;6.73;0.23;7.54;23;0;0;0;0;0;0;0;0;0;0
15/3/21 12.00 AM;5.62;6.02;0.69;7.54;11;0;0;0;0;0;0;0;0;0;0
15/3/21 2.00 AM;2.69;0.35;0.00;0.72;5;0;0;0;0;0;0;0;0;0;0
15/3/21 4.00 AM;1.22;0.91;0.04;1.44;2;0;0;0;0;0;0;0;0;0;0
15/3/21 6.00 AM;37.61;1.31;0.14;1.98;75;0;0;0;0;0;0;0;0;0;0
15/3/21 8.00 AM;18.80;6.21;1.02;8.24;38;0;0;0;0;0;0;0;0;0;0
15/3/21 10.00 AM;12.94;6.82;1.21;9.15;26;0;0;0;0;0;0;0;0;0;0
15/3/21 12.00 PM;6.35;6.38;0.68;7.89;13;0;0;0;0;0;0;0;0;0;0
15/3/21 2.00 PM;3.17;7.91;0.68;9.41;6;0;0;0;0;0;0;0;0;0;0
15/3/21 4.00 PM;1.47;7.34;1.31;9.81;5;0;0;0;0;0;0;0;0;0;0
15/3/21 6.00 PM;37.12;10.75;1.63;13.71;74;30;0;0;0;0;0;0;0;0;0
15/3/21 8.00 PM;18.56;11.40;0.84;13.15;37;0;0;0;0;0;0;0;0;0;0
15/3/21 10.00 PM;9.28;9.70;0.23;10.52;19;0;0;0;0;0;0;0;0;0;0
16/3/21 12.00 AM;4.64;5.44;0.22;6.25;9;0;0;0;0;0;0;0;0;0;0
16/3/21 2.00 AM;2.20;2.43;0.49;3.64;4;0;0;0;0;0;0;0;0;0;0
16/3/21 4.00 AM;37.12;2.56;0.10;3.17;74;0;0;0;0;0;0;0;0;0;0
16/3/21 6.00 AM;18.56;5.58;0.24;6.42;37;0;0;0;0;0;0;0;0;0;0
16/3/21 8.00 AM;15.38;16.45;2.06;20.08;31;0;0;0;0;0;0;0;0;0;0
16/3/21 10.00 AM;7.57;11.78;2.23;15.67;15;0;0;0;0;0;0;0;0;0;0
16/3/21 12.00 PM;3.66;7.77;1.85;11.07;7;0;0;0;0;0;0;0;0;0;0
16/3/21 2.00 PM;9.52;7.97;2.12;11.69;19;0;0;0;0;0;0;0;0;0;0
16/3/21 4.00 PM;4.64;5.22;0.56;6.54;9;0;0;0;0;0;0;0;0;0;0
16/3/21 6.00 PM;46.64;14.56;2.03;18.13;93;0;0;0;0;0;0;0;0;0;0
16/3/21 8.00 PM;23.20;16.09;2.91;21.01;46;0;0;0;0;0;0;0;0;0;0
16/3/21 10.00 PM;11.48;7.58;0.40;8.65;23;0;0;0;0;0;0;0;0;0;0
17/3/21 12.00 AM;5.62;3.41;0.40;4.42;11;0;0;0;0;0;0;0;0;0;0
17/3/21 6.00 AM;6.59;4.91;0.15;5.60;13;0;0;0;0;0;0;0;0;0;0
17/3/21 8.00 AM;3.17;13.21;1.44;15.88;8;0;0;0;0;0;0;0;0;0;0
17/3/21 10.00 AM;1.47;10.50;2.78;15.23;8;0;0;0;0;0;0;0;0;0;0
17/3/21 12.00 PM;0.73;7.27;1.88;10.62;5;0;0;0;0;0;0;0;0;0;0
17/3/21 2.00 PM;11.97;6.98;2.75;11.66;24;0;0;0;0;0;0;0;0;0;0
17/3/21 4.00 PM;5.86;6.51;1.60;9.43;12;0;0;0;0;0;0;0;0;0;0
17/3/21 6.00 PM;9.04;10.67;1.50;13.43;18;0;0;0;0;0;0;0;0;0;0
17/3/21 8.00 PM;5.13;21.70;0.80;23.38;12;0;0;0;0;0;0;0;0;0;0
17/3/21 10.00 PM;8.30;16.81;0.66;18.29;17;0;0;0;0;0;0;0;0;0;0
18/3/21 12.00 AM;11.48;9.28;0.13;9.95;23;0;0;0;0;0;0;0;0;0;0
18/3/21 2.00 AM;17.34;5.89;0.43;7.02;35;0;0;0;0;0;0;0;0;0;0
18/3/21 4.00 AM;12.94;3.35;0.10;3.96;26;0;0;0;0;0;0;0;0;0;0
18/3/21 6.00 AM;43.47;6.01;0.21;6.80;87;0;0;0;0;0;0;0;0;0;0
18/3/21 8.00 AM;21.73;31.21;6.50;41.63;43;0;0;0;0;0;0;0;0;0;0
18/3/21 10.00 AM;10.74;15.02;3.42;20.72;21;0;0;0;0;0;0;0;0;0;0
18/3/21 12.00 PM;29.30;13.37;5.37;22.07;59;0;0;0;0;0;0;0;0;0;0
18/3/21 2.00 PM;14.65;15.88;5.02;24.03;29;0;0;0;0;0;0;0;0;0;0
18/3/21 4.00 PM;13.68;9.46;2.19;13.28;27;0;0;0;0;0;0;0;0;0;0
18/3/21 6.00 PM;16.12;17.49;4.13;24.29;32;0;0;0;0;0;0;0;0;0;0
18/3/21 8.00 PM;10.26;45.83;2.51;50.13;25;0;0;0;0;0;0;0;0;0;0
18/3/21 10.00 PM;10.74;21.25;1.96;24.71;21;0;0;0;0;0;0;0;0;0;0
19/3/21 12.00 AM;23.69;9.63;0.33;10.61;47;0;0;0;0;0;0;0;0;0;0
19/3/21 2.00 AM;25.40;5.56;0.53;6.84;51;0;0;0;0;0;0;0;0;0;0
19/3/21 4.00 AM;16.12;4.78;0.22;5.58;32;0;0;0;0;0;0;0;0;0;0
19/3/21 6.00 AM;13.92;9.57;0.62;10.99;28;0;0;0;0;0;0;0;0;0;0
19/3/21 8.00 AM;10.50;23.79;4.83;31.66;21;0;0;0;0;0;0;0;0;0;0
19/3/21 10.00 AM;14.90;13.35;2.34;17.40;30;0;0;0;0;0;0;0;0;0;0
19/3/21 12.00 PM;19.05;11.25;2.83;16.06;38;0;0;0;0;0;0;0;0;0;0
19/3/21 2.00 PM;12.21;16.27;6.27;26.35;24;0;0;0;0;0;0;0;0;0;0
19/3/21 4.00 PM;7.81;13.47;3.97;20.02;16;0;0;0;0;0;0;0;0;0;0
19/3/21 6.00 PM;7.57;21.61;4.89;29.56;15;0;0;0;0;0;0;0;0;0;0
19/3/21 8.00 PM;12.45;34.05;1.91;37.44;25;0;0;0;0;0;0;0;0;0;0
19/3/21 10.00 PM;21.49;29.25;1.40;31.86;43;0;0;0;0;0;0;0;0;0;0
20/3/21 12.00 AM;43.71;11.26;0.14;11.95;87;0;0;0;0;0;0;0;0;0;0
20/3/21 2.00 AM;48.60;7.71;0.10;8.33;97;0;0;0;0;0;0;0;0;0;0
20/3/21 4.00 AM;34.43;6.11;0.21;6.89;69;0;0;0;0;0;0;0;0;0;0
20/3/21 6.00 AM;57.63;4.45;0.11;5.09;115;0;0;0;0;0;0;0;0;0;0
20/3/21 8.00 AM;28.82;14.85;0.80;16.54;58;0;0;0;0;0;0;0;0;0;0
20/3/21 10.00 AM;14.41;16.87;2.17;20.67;29;0;0;0;0;0;0;0;0;0;0
20/3/21 12.00 PM;22.22;14.10;1.88;17.44;44;0;0;0;0;0;0;0;0;0;0
20/3/21 2.00 PM;10.99;16.01;2.51;20.32;22;0;0;0;0;0;0;0;0;0;0
20/3/21 4.00 PM;5.37;16.30;2.73;20.95;11;0;0;0;0;0;0;0;0;0;0
20/3/21 6.00 PM;12.21;19.38;1.25;21.75;24;0;0;0;0;0;0;0;0;0;0
20/3/21 8.00 PM;7.81;42.55;2.63;47.04;24;0;0;0;0;0;0;0;0;0;0
20/3/21 10.00 PM;13.19;12.58;0.92;14.46;26;0;0;0;0;0;0;0;0;0;0
21/3/21 12.00 AM;16.12;5.29;0.12;5.94;32;0;0;0;0;0;0;0;0;0;0
21/3/21 2.00 AM;13.68;4.33;0.19;5.09;27;0;0;0;0;0;0;0;0;0;0
21/3/21 4.00 AM;45.18;3.93;0.10;4.55;90;0;0;0;0;0;0;0;0;0;0
21/3/21 6.00 AM;22.47;4.09;0.10;4.71;45;0;0;0;0;0;0;0;0;0;0
21/3/21 8.00 AM;15.87;11.73;0.58;13.09;32;0;0;0;0;0;0;0;0;0;0
21/3/21 10.00 AM;7.81;15.56;2.58;19.97;16;0;0;0;0;0;0;0;0;0;0
21/3/21 12.00 PM;3.91;20.50;7.81;32.93;16;0;0;0;0;0;0;0;0;0;0
21/3/21 2.00 PM;25.89;15.60;3.30;21.12;52;0;0;0;0;0;0;0;0;0;0
21/3/21 4.00 PM;12.94;5.42;0.89;7.24;26;0;0;0;0;0;0;0;0;0;0
21/3/21 6.00 PM;50.31;7.05;0.75;8.66;101;0;0;0;0;0;0;0;0;0;0
21/3/21 8.00 PM;25.15;5.00;0.44;6.15;50;0;0;0;0;0;0;0;0;0;0
21/3/21 10.00 PM;12.45;3.56;0.17;4.28;25;0;0;0;0;0;0;0;0;0;0
22/3/21 8.00 AM;8.55;14.60;4.32;21.69;17;0;0;0;0;0;0;0;0;0;0
22/3/21 10.00 AM;20.76;17.09;3.93;23.58;42;0;0;0;0;0;0;0;0;0;0
22/3/21 12.00 PM;10.26;11.33;2.52;15.65;21;0;0;0;0;0;0;0;0;0;0
22/3/21 2.00 PM;5.13;14.78;3.32;20.34;10;0;0;0;0;0;0;0;0;0;0
22/3/21 4.00 PM;2.44;13.36;2.99;18.42;9;0;0;0;0;0;0;0;0;0;0
22/3/21 6.00 PM;6.59;14.06;3.33;19.63;13;0;0;0;0;0;0;0;0;0;0
22/3/21 8.00 PM;12.45;16.05;3.35;21.65;25;0;0;0;0;0;0;0;0;0;0
22/3/21 10.00 PM;13.92;8.53;1.28;10.95;28;0;0;0;0;0;0;0;0;0;0
23/3/21 12.00 AM;16.36;5.45;0.80;7.15;33;0;0;0;0;0;0;0;0;0;0
23/3/21 2.00 AM;10.50;4.39;0.29;5.30;21;0;0;0;0;0;0;0;0;0;0
23/3/21 4.00 AM;6.11;7.50;0.66;8.98;12;0;0;0;0;0;0;0;0;0;0
23/3/21 6.00 AM;5.86;8.33;1.23;10.68;12;0;0;0;0;0;0;0;0;0;0
23/3/21 8.00 AM;10.74;14.57;4.02;21.20;21;0;0;0;0;0;0;0;0;0;0
23/3/21 10.00 AM;9.28;9.50;3.36;15.11;19;0;0;0;0;0;0;0;0;0;0
23/3/21 12.00 PM;15.87;10.76;3.63;16.79;32;0;0;0;0;0;0;0;0;0;0
23/3/21 2.00 PM;12.70;9.08;2.99;14.12;25;0;0;0;0;0;0;0;0;0;0
23/3/21 4.00 PM;48.84;8.77;2.16;12.55;98;0;0;0;0;0;0;0;0;0;0
23/3/21 6.00 PM;24.91;11.75;1.21;14.06;50;0;0;0;0;0;0;0;0;0;0
23/3/21 8.00 PM;20.76;16.42;3.74;22.62;42;0;0;0;0;0;0;0;0;0;0
23/3/21 10.00 PM;20.27;9.96;1.53;12.76;41;0;0;0;0;0;0;0;0;0;0
24/3/21 12.00 AM;18.56;1.28;0.10;1.78;37;0;0;0;0;0;0;0;0;0;0
24/3/21 2.00 AM;12.94;1.22;0.57;2.56;26;0;0;0;0;0;0;0;0;0;0
24/3/21 4.00 AM;14.41;2.13;0.60;3.53;29;0;0;0;0;0;0;0;0;0;0
24/3/21 6.00 AM;15.14;6.07;0.18;6.81;30;0;0;0;0;0;0;0;0;0;0
24/3/21 8.00 AM;10.01;18.20;1.56;21.06;20;0;0;0;0;0;0;0;0;0;0
24/3/21 10.00 AM;13.68;19.95;1.46;22.64;27;0;0;0;0;0;0;0;0;0;0
24/3/21 12.00 PM;20.02;9.54;2.60;13.99;40;0;0;0;0;0;0;0;0;0;0
24/3/21 2.00 PM;23.20;7.93;2.61;12.41;46;0;0;0;0;0;0;0;0;0;0
24/3/21 4.00 PM;47.62;6.95;1.76;10.11;95;0;0;0;0;0;0;0;0;0;0
24/3/21 6.00 PM;29.06;13.55;3.46;19.31;58;0;0;0;0;0;0;0;0;0;0
24/3/21 8.00 PM;18.56;17.67;3.48;23.46;37;0;0;0;0;0;0;0;0;0;0
24/3/21 10.00 PM;20.51;10.83;0.89;12.66;41;0;0;0;0;0;0;0;0;0;0
25/3/21 12.00 AM;14.90;5.50;0.30;6.43;30;0;0;0;0;0;0;0;0;0;0
25/3/21 2.00 AM;13.92;2.85;0.16;3.56;28;0;0;0;0;0;0;0;0;0;0
25/3/21 4.00 AM;15.14;7.17;0.27;8.04;30;0;0;0;0;0;0;0;0;0;0
25/3/21 6.00 AM;10.50;11.60;2.49;15.89;21;0;0;0;0;0;0;0;0;0;0
25/3/21 8.00 AM;10.50;18.00;4.56;25.46;21;0;0;0;0;0;0;0;0;0;0
25/3/21 10.00 AM;8.30;23.47;6.27;33.55;17;0;0;0;0;0;0;0;0;0;0
25/3/21 12.00 PM;15.14;16.39;4.66;24.00;30;0;0;0;0;0;0;0;0;0;0
25/3/21 2.00 PM;20.51;10.62;5.16;19.00;41;0;0;0;0;0;0;0;0;0;0
25/3/21 4.00 PM;13.68;8.24;2.95;13.22;27;0;0;0;0;0;0;0;0;0;0
25/3/21 6.00 PM;12.94;16.94;3.16;22.24;26;0;0;0;0;0;0;0;0;0;0
25/3/21 8.00 PM;47.13;56.56;6.02;66.25;94;0;0;0;0;0;0;0;0;0;0
25/3/21 10.00 PM;23.44;35.68;3.51;41.52;47;0;0;0;0;0;0;0;0;0;0
26/3/21 12.00 AM;11.72;10.39;0.30;11.32;23;0;0;0;0;0;0;0;0;0;0
26/3/21 2.00 AM;20.76;2.85;0.18;3.58;42;0;0;0;0;0;0;0;0;0;0
26/3/21 4.00 AM;21.25;0.71;0.00;1.18;42;0;0;0;0;0;0;0;0;0;0
26/3/21 6.00 AM;14.65;4.62;0.07;5.20;29;0;0;0;0;0;0;0;0;0;0
26/3/21 8.00 AM;17.09;21.70;4.82;29.56;34;0;0;0;0;0;0;0;0;0;0
26/3/21 10.00 AM;16.85;14.73;4.32;21.82;34;0;0;0;0;0;0;0;0;0;0
26/3/21 12.00 PM;13.19;22.95;5.98;32.57;26;0;0;0;0;0;0;0;0;0;0
26/3/21 2.00 PM;14.16;11.18;2.91;16.11;28;0;0;0;0;0;0;0;0;0;0
26/3/21 4.00 PM;15.87;11.96;2.89;16.85;32;0;0;0;0;0;0;0;0;0;0
26/3/21 6.00 PM;41.51;18.22;3.42;23.93;83;0;0;0;0;0;0;0;0;0;0
26/3/21 8.00 PM;20.76;39.65;6.77;50.49;42;0;0;0;0;0;0;0;0;0;0
26/3/21 10.00 PM;10.26;12.87;0.98;14.84;21;0;0;0;0;0;0;0;0;0;0
27/3/21 12.00 AM;15.38;7.55;0.34;8.53;31;0;0;0;0;0;0;0;0;0;0
27/3/21 2.00 AM;12.70;5.43;0.72;7.00;25;0;0;0;0;0;0;0;0;0;0
27/3/21 4.00 AM;24.42;5.07;0.36;6.09;49;0;0;0;0;0;0;0;0;0;0
28/3/21 2.00 PM;50.55;7.20;1.30;9.66;101;0;0;0;0;0;0;0;0;0;0
28/3/21 4.00 PM;33.21;4.90;0.63;6.33;66;0;0;0;0;0;0;0;0;0;0
28/3/21 6.00 PM;23.20;8.93;0.99;10.91;46;0;0;0;0;0;0;0;0;0;0
28/3/21 8.00 PM;26.62;22.90;1.28;25.33;53;0;0;0;0;0;0;0;0;0;0
28/3/21 10.00 PM;34.92;14.93;0.04;15.45;70;0;0;0;0;0;0;0;0;0;0
29/3/21 12.00 AM;27.35;5.97;0.15;6.66;55;0;0;0;0;0;0;0;0;0;0
29/3/21 2.00 AM;23.20;5.38;0.25;6.22;46;0;0;0;0;0;0;0;0;0;0
29/3/21 4.00 AM;27.35;8.26;0.01;8.74;55;0;0;0;0;0;0;0;0;0;0
29/3/21 6.00 AM;48.60;12.30;0.01;12.78;97;0;0;0;0;0;0;0;0;0;0
29/3/21 8.00 AM;46.64;28.39;3.07;33.55;93;0;0;0;0;0;0;0;0;0;0
29/3/21 10.00 AM;35.41;13.27;1.53;16.08;71;0;0;0;0;0;0;0;0;0;0
29/3/21 12.00 PM;29.06;10.94;3.79;17.21;58;0;0;0;0;0;0;0;0;0;0
29/3/21 2.00 PM;45.67;8.51;1.68;11.55;91;0;0;0;0;0;0;0;0;0;0
29/3/21 4.00 PM;22.71;9.16;2.07;12.80;45;0;0;0;0;0;0;0;0;0;0
29/3/21 6.00 PM;21.73;12.35;1.76;15.50;43;0;0;0;0;0;0;0;0;0;0
29/3/21 8.00 PM;15.87;17.78;1.07;19.88;32;0;0;0;0;0;0;0;0;0;0
29/3/21 10.00 PM;26.86;13.75;0.22;14.55;54;0;0;0;0;0;0;0;0;0;0
30/3/21 12.00 AM;43.22;3.17;0.25;4.02;86;0;0;0;0;0;0;0;0;0;0
30/3/21 2.00 AM;56.65;3.32;0.11;3.96;113;0;0;0;0;0;0;0;0;0;0
30/3/21 4.00 AM;28.33;3.65;0.13;4.32;57;0;0;0;0;0;0;0;0;0;0
30/3/21 6.00 AM;14.16;17.99;0.92;19.86;28;0;0;0;0;0;0;0;0;0;0
30/3/21 8.00 AM;7.08;30.78;4.51;38.15;19;0;0;0;0;0;0;0;0;0;0
30/3/21 10.00 AM;4.88;13.81;3.18;19.15;10;0;0;0;0;0;0;0;0;0;0
30/3/21 12.00 PM;24.18;11.06;2.44;15.26;48;0;0;0;0;0;0;0;0;0;0
30/3/21 2.00 PM;15.38;9.42;1.94;12.85;31;0;0;0;0;0;0;0;0;0;0
30/3/21 4.00 PM;8.06;10.54;1.59;13.45;16;0;0;0;0;0;0;0;0;0;0
30/3/21 6.00 PM;14.90;16.03;2.24;19.92;30;0;0;0;0;0;0;0;0;0;0
30/3/21 8.00 PM;9.77;33.01;0.10;33.62;20;0;0;0;0;0;0;0;0;0;0
30/3/21 10.00 PM;21.98;18.93;0.89;20.76;44;0;0;0;0;0;0;0;0;0;0
31/3/21 12.00 AM;26.62;7.38;0.01;7.86;53;0;0;0;0;0;0;0;0;0;0
